cluster,Depression,Have you ever had suicidal thoughts ?=No,Age,Gender=Female,Academic Pressure,Study Satisfaction,Sleep Duration,Dietary Habits,Work/Study Hours,Depression_count,Non_Depression_count
0,0.5331491712707183,0.40331491712707185,0.24268963259668508,0.47513812154696133,0.5845303867403315,0.5900552486187846,1.3867403314917126,1.0027624309392265,0.6123388011049723,193,169
1,0.7318840579710145,0.2898550724637681,0.07370075362318841,0.4057971014492754,0.717391304347826,0.5739130434782609,1.4565217391304348,0.7681159420289855,0.6086956449275363,101,37
